run_id,x1,x2,x3,x4,x5,x6,stress,displacement,time_s
7,200000000000,0.4771827,5e-06,5,51.2728258391711,403148.267902921,263493971.102277,0.000706915880658756,60.520602
