run_id,x1,x2,x3,x4,x5,x6,stress,displacement,time_s
23,203000000000,0.4821827,5e-06,5.5,50,404901,278394435.053776,0.000682405952407361,59.324423
