run_id,x1,x2,x3,x4,x5,x6,stress,displacement,time_s
6,200000000000,0.4771827,5e-06,5,50.8066075599675,398981.149839463,264296584.341655,0.00070827099243983,55.460225
