run_id,x1,x2,x3,x4,x5,x6,stress,displacement,time_s
3,200000000000,0.4771827,5e-06,5,50.5290165331381,401110.481754147,263580137.704448,0.000707572831675112,51.39474
