run_id,x1,x2,x3,x4,x5,x6,stress,displacement,time_s
11,200000000000,0.4771827,5e-06,5,50,395470.087939316,265198219.885772,0.000709576737503316,121.245259
