run_id,x1,x2,x3,x4,x5,x6,stress,displacement,time_s
12,200000000000,0.4771827,5e-06,5,51.4673638759055,413888.159517633,265769704.346236,0.000704343864269596,122.531336
