run_id,x1,x2,x3,x4,x5,x6,stress,displacement,time_s
9,200000000000,0.4771827,5e-06,5,51.11032389092,412562.187546686,265411227.376764,0.000704602684850588,124.734589
