run_id,x1,x2,x3,x4,x5,x6,stress,displacement,time_s
13,200000000000,0.4771827,5e-06,5,50,411535.819198868,264940174.418147,0.000704843637705797,121.235261
