run_id,x1,x2,x3,x4,x5,x6,stress,displacement,time_s
15,200000000000,0.4771827,5e-06,5,50,398601.008496255,264234762.045007,0.000708431877097247,121.292176
