run_id,x1,x2,x3,x4,x5,x6,stress,displacement,time_s
5,200000000000,0.4771827,5e-06,5,50,414602.697232644,265577590.617285,0.000704264471965414,49.754554
