run_id,x1,x2,x3,x4,x5,x6,stress,displacement,time_s
1,200000000000,0.4771827,5e-06,5,50,396261.086834285,264954763.175359,0.000709277403319689,56.855277
