run_id,x1,x2,x3,x4,x5,x6,stress,displacement,time_s
4,200000000000,0.4771827,5e-06,5,51.8189712326646,402723.646808177,263532664.830085,0.000707024610474852,49.40501
