run_id,x1,x2,x3,x4,x5,x6,stress,displacement,time_s
16,200000000000,0.4771827,5e-06,5,50.3581167757528,404026.375942808,263463828.132435,0.000706689761766266,121.224911
