run_id,x1,x2,x3,x4,x5,x6,stress,displacement,time_s
22,200000000000,0.4871827,5e-06,5,50,404901,289747580.516195,0.000702680590698012,59.325834
