run_id,x1,x2,x3,x4,x5,x6,stress,displacement,time_s
2,200000000000,0.4771827,5e-06,5,50,400530.499472892,263641265.527996,0.00070777970693877,54.794575
