run_id,x1,x2,x3,x4,x5,x6,stress,displacement,time_s
10,200000000000,0.4771827,5e-06,5,50,407674.666943157,264138100.031614,0.000705721316088732,122.589897
