run_id,x1,x2,x3,x4,x5,x6,stress,displacement,time_s
8,200000000000,0.4771827,5e-06,5,51.6969692607355,405075.104741624,263992363.092483,0.000706347210602807,122.616864
