run_id,x1,x2,x3,x4,x5,x6,stress,displacement,time_s
19,200000000000,0.4771827,5e-06,5,50,410468.23726038,264718359.097635,0.000705069772047894,121.190478
