run_id,x1,x2,x3,x4,x5,x6,stress,displacement,time_s
14,200000000000,0.4771827,5e-06,5,50.7609204800257,408306.134128994,264445903.678622,0.000705541110071504,122.28781
