run_id,x1,x2,x3,x4,x5,x6,stress,displacement,time_s
17,200000000000,0.4771827,5e-06,5,50,406294.290323315,263851470.492762,0.000706075154682069,121.289563
