run_id,x1,x2,x3,x4,x5,x6,stress,displacement,time_s
21,205000000000,0.4671827,5e-06,6,50,404901,284137469.32066,0.000703090706800568,59.320842
